-- ===================================================
-- OA协同办公平台 完整测试数据
-- 生成时间: 2026-06-19
-- 公司: 模拟科技有限公司 (5部门 18员工)
-- ===================================================

USE oa_platform;

-- ========== 清理旧数据 ==========
DELETE FROM att_leave_quota WHERE id BETWEEN 1 AND 6;
DELETE FROM wf_task WHERE id > 6;
DELETE FROM wf_approval_record WHERE id > 2;
DELETE FROM adm_room_booking;
DELETE FROM adm_asset_record;
DELETE FROM adm_vehicle_record;
DELETE FROM sch_calendar_event;
DELETE FROM ntc_notice_read;
DELETE FROM ntc_message;
DELETE FROM sys_audit_log;

-- ========== 部门负责人 ==========
UPDATE sys_dept SET leader_id = 3 WHERE id = 1;
UPDATE sys_dept SET leader_id = 2 WHERE id = 2;
UPDATE sys_dept SET leader_id = 12 WHERE id = 3;
UPDATE sys_dept SET leader_id = 13 WHERE id = 4;
UPDATE sys_dept SET leader_id = 14 WHERE id = 5;

-- ========== 补充角色 ==========
-- ?????????????
-- INSERT IGNORE INTO sys_user_role (user_id, role_id) VALUES (7, 2);

-- ============================================================
-- 流程实例 + 审批任务 + 审批记录 (覆盖全部6种模板+各状态)
-- ============================================================

-- --- 待审批实例 (4个: 请假2+报销1+用章1) ---
INSERT IGNORE INTO wf_process_instance (id, def_id, def_name, template_id, applicant_id, form_data, status, create_time) VALUES
(100, 1, '请假标准流程', 1, 7, '{"leaveType":"年假","startDate":"2026-07-01","endDate":"2026-07-03","days":"3","reason":"回老家探亲"}', 'PENDING', '2026-06-19 09:00:00'),
(101, 1, '请假标准流程', 1, 8, '{"leaveType":"事假","startDate":"2026-06-20","endDate":"2026-06-20","days":"1","reason":"办理证件"}', 'PENDING', '2026-06-19 10:00:00'),
(102, 2, '报销标准流程', 2, 9, '{"expenseType":"差旅费","amount":"2500","expenseDate":"2026-06-15","invoiceNo":"FP2026001","description":"出差上海交通及住宿"}', 'PENDING', '2026-06-18 14:00:00'),
(103, 5, '用章标准流程', 5, 7, '{"sealType":"公章","fileName":"项目合同","copies":"3","purpose":"签署甲方项目合同"}', 'PENDING', '2026-06-19 11:00:00');

-- 待审批任务
INSERT IGNORE INTO wf_task (instance_id, node_id, node_name, assignee_id, status, create_time) VALUES
(100, 1, '部门经理审批', 2, 'PENDING', '2026-06-19 09:00:00'),
(101, 1, '部门经理审批', 2, 'PENDING', '2026-06-19 10:00:00'),
(102, 4, '部门经理审批', 2, 'PENDING', '2026-06-18 14:00:00'),
(103, 10, '部门经理审批', 2, 'PENDING', '2026-06-19 11:00:00');

-- --- 已通过实例 (4个: 请假+报销+加班+出差) ---
INSERT IGNORE INTO wf_process_instance (id, def_id, def_name, template_id, applicant_id, form_data, status, create_time, update_time) VALUES
(104, 1, '请假标准流程', 1, 15, '{"leaveType":"病假","startDate":"2026-06-10","endDate":"2026-06-10","days":"1","reason":"感冒发烧"}', 'APPROVED', '2026-06-09 08:30:00', '2026-06-09 10:15:00'),
(105, 2, '报销标准流程', 2, 11, '{"expenseType":"办公用品","amount":"350","expenseDate":"2026-06-05","invoiceNo":"FP2026002","description":"购买键盘鼠标"}', 'APPROVED', '2026-06-06 09:00:00', '2026-06-07 14:30:00'),
(106, 4, '加班标准流程', 4, 15, '{"overtimeDate":"2026-06-12","startTime":"18:00","endTime":"22:00","hours":"4","reason":"紧急修复线上Bug"}', 'APPROVED', '2026-06-12 10:00:00', '2026-06-12 11:00:00'),
(107, 3, '出差标准流程', 3, 10, '{"destination":"上海","startDate":"2026-06-15","endDate":"2026-06-17","companions":"周运营","purpose":"拜访客户"}', 'APPROVED', '2026-06-13 09:00:00', '2026-06-14 15:00:00');

-- --- 已驳回实例 (1个: 用章) ---
INSERT IGNORE INTO wf_process_instance (id, def_id, def_name, template_id, applicant_id, form_data, status, create_time, update_time) VALUES
(108, 5, '用章标准流程', 5, 10, '{"sealType":"合同章","fileName":"合作协议","copies":"1","purpose":"签署合作框架协议"}', 'REJECTED', '2026-06-08 10:00:00', '2026-06-08 16:30:00');

-- 审批记录
INSERT IGNORE INTO wf_approval_record (instance_id, node_id, node_name, approver_id, action, comment, create_time) VALUES
(104, 1, '部门经理审批', 2, 'APPROVE', '同意，注意身体', '2026-06-09 10:00:00'),
(104, 2, '总监审批', 3, 'APPROVE', '批准', '2026-06-09 10:15:00'),
(105, 4, '部门经理审批', 2, 'APPROVE', '合理支出，同意', '2026-06-06 15:00:00'),
(105, 5, '财务审批', 5, 'APPROVE', '金额无误，通过', '2026-06-07 14:30:00'),
(106, 7, '部门经理审批', 2, 'APPROVE', '辛苦了，批准', '2026-06-12 11:00:00'),
(107, 6, '部门经理审批', 12, 'APPROVE', '同意出差', '2026-06-13 16:00:00'),
(107, 7, '总监审批', 3, 'APPROVE', '批准', '2026-06-14 15:00:00'),
(108, 10, '部门经理审批', 12, 'REJECT', '合作协议需法务先审核后再申请用章', '2026-06-08 16:30:00');

-- 已完成任务
INSERT IGNORE INTO wf_task (instance_id, node_id, node_name, assignee_id, status, create_time, complete_time) VALUES
(104, 1, '部门经理审批', 2, 'COMPLETED', '2026-06-09 08:30:00', '2026-06-09 10:00:00'),
(104, 2, '总监审批', 3, 'COMPLETED', '2026-06-09 10:00:00', '2026-06-09 10:15:00'),
(105, 4, '部门经理审批', 2, 'COMPLETED', '2026-06-06 09:00:00', '2026-06-06 15:00:00'),
(105, 5, '财务审批', 5, 'COMPLETED', '2026-06-06 15:00:00', '2026-06-07 14:30:00'),
(106, 7, '部门经理审批', 2, 'COMPLETED', '2026-06-12 10:00:00', '2026-06-12 11:00:00'),
(107, 6, '部门经理审批', 12, 'COMPLETED', '2026-06-13 09:00:00', '2026-06-13 16:00:00'),
(107, 7, '总监审批', 3, 'COMPLETED', '2026-06-13 16:00:00', '2026-06-14 15:00:00'),
(108, 10, '部门经理审批', 12, 'COMPLETED', '2026-06-08 10:00:00', '2026-06-08 16:30:00');

-- ============================================================
-- 考勤打卡 (6月多日数据, 覆盖正常+迟到)
-- ============================================================

INSERT IGNORE INTO att_clock_record (user_id, clock_type, clock_time, ip_address) VALUES
-- 陈开发(7) 6/15-19 完整
(7, 'IN', '2026-06-15 08:50:00', '192.168.1.101'), (7, 'OUT', '2026-06-15 18:05:00', '192.168.1.101'),
(7, 'IN', '2026-06-16 08:45:00', '192.168.1.101'), (7, 'OUT', '2026-06-16 18:10:00', '192.168.1.101'),
(7, 'IN', '2026-06-17 08:52:00', '192.168.1.101'), (7, 'OUT', '2026-06-17 17:55:00', '192.168.1.101'),
-- 刘前端(8)
(8, 'IN', '2026-06-15 09:05:00', '192.168.1.102'), (8, 'OUT', '2026-06-15 18:00:00', '192.168.1.102'),
(8, 'IN', '2026-06-16 08:55:00', '192.168.1.102'), (8, 'OUT', '2026-06-16 17:50:00', '192.168.1.102'),
-- 刘测试(15) 迟到
(15, 'IN', '2026-06-15 10:30:00', '192.168.1.106'), (15, 'OUT', '2026-06-15 18:20:00', '192.168.1.106'),
-- 黄运维(16)
(16, 'IN', '2026-06-15 08:48:00', '192.168.1.105'), (16, 'OUT', '2026-06-15 18:15:00', '192.168.1.105'),
(16, 'IN', '2026-06-16 08:42:00', '192.168.1.105'), (16, 'OUT', '2026-06-16 18:30:00', '192.168.1.105'),
-- 市场部
(9, 'IN', '2026-06-15 08:45:00', '192.168.1.103'), (9, 'OUT', '2026-06-15 18:10:00', '192.168.1.103'),
(10, 'IN', '2026-06-15 09:20:00', '192.168.1.104'), (10, 'OUT', '2026-06-15 18:00:00', '192.168.1.104'),
(12, 'IN', '2026-06-15 08:30:00', '192.168.1.107'), (12, 'OUT', '2026-06-15 19:00:00', '192.168.1.107'),
-- 财务部
(5, 'IN', '2026-06-15 08:55:00', '192.168.1.111'), (5, 'OUT', '2026-06-15 18:05:00', '192.168.1.111'),
(11, 'IN', '2026-06-15 08:50:00', '192.168.1.112'), (11, 'OUT', '2026-06-15 17:55:00', '192.168.1.112'),
-- 人事行政部
(4, 'IN', '2026-06-15 08:40:00', '192.168.1.121'), (4, 'OUT', '2026-06-15 18:00:00', '192.168.1.121'),
(6, 'IN', '2026-06-15 08:35:00', '192.168.1.122'), (6, 'OUT', '2026-06-15 17:50:00', '192.168.1.122'),
(17, 'IN', '2026-06-15 09:00:00', '192.168.1.123'), (17, 'OUT', '2026-06-15 18:00:00', '192.168.1.123');

-- ============================================================
-- 会议室预约
-- ============================================================

INSERT IGNORE INTO adm_room_booking (room_id, user_id, start_time, end_time, purpose, status) VALUES
(1, 2, '2026-06-20 10:00:00', '2026-06-20 11:00:00', '项目进度周会', 'BOOKED'),
(2, 3, '2026-06-21 14:00:00', '2026-06-21 16:00:00', '技术方案评审', 'BOOKED'),
(1, 12, '2026-06-22 09:00:00', '2026-06-22 10:30:00', '市场部月度会议', 'BOOKED'),
(3, 14, '2026-06-20 15:00:00', '2026-06-20 16:00:00', 'HR面试', 'BOOKED'),
(4, 13, '2026-06-23 10:00:00', '2026-06-23 11:00:00', '财务审计沟通会', 'BOOKED'),
(5, 1, '2026-06-25 14:00:00', '2026-06-25 18:00:00', '新员工入职培训', 'BOOKED'),
(1, 2, '2026-06-19 14:00:00', '2026-06-19 15:00:00', 'Sprint评审会议', 'CANCELLED');

-- ============================================================
-- 资产领用/归还记录
-- ============================================================

INSERT IGNORE INTO adm_asset_record (asset_id, user_id, action, action_time, remark) VALUES
(1, 7, 'BORROW', '2026-06-10 09:00:00', '开发测试用机'),
(1, 7, 'RETURN', '2026-06-15 17:00:00', '测试完成归还'),
(2, 1, 'BORROW', '2026-06-16 13:00:00', '会议室演示用'),
(2, 1, 'RETURN', '2026-06-16 17:30:00', '演示结束归还'),
(4, 16, 'BORROW', '2026-06-12 10:00:00', '打印运维手册'),
(4, 16, 'RETURN', '2026-06-12 11:00:00', '打印完毕'),
(5, 6, 'BORROW', '2026-06-14 09:00:00', '清理过期文件'),
(5, 6, 'RETURN', '2026-06-14 12:00:00', '清理完成');

-- ============================================================
-- 车辆使用记录
-- ============================================================

INSERT IGNORE INTO adm_vehicle_record (vehicle_id, user_id, start_time, end_time, destination, purpose) VALUES
(1, 2, '2026-06-12 08:00:00', '2026-06-12 18:00:00', '北京软件园', '带领团队参加技术峰会'),
(2, 12, '2026-06-13 09:00:00', '2026-06-13 12:00:00', '朝阳区商务中心', '拜访重要客户'),
(3, 14, '2026-06-14 10:00:00', '2026-06-14 16:00:00', '人才市场', '校园招聘活动'),
(1, 6, '2026-06-16 14:00:00', '2026-06-16 17:00:00', '物流园区', '采购办公耗材');

-- ============================================================
-- 个人日历事件
-- ============================================================

INSERT IGNORE INTO sch_calendar_event (user_id, title, start_time, end_time, description, event_type) VALUES
(2, '技术评审会议', '2026-06-21 14:00:00', '2026-06-21 16:00:00', '评审审批引擎技术方案', 'WORK'),
(2, '月度部门会议', '2026-06-22 10:00:00', '2026-06-22 11:00:00', '6月份部门工作汇报', 'WORK'),
(7, '代码审查', '2026-06-20 09:00:00', '2026-06-20 10:30:00', 'Review 请假模块代码', 'WORK'),
(7, '牙医预约', '2026-06-23 15:00:00', '2026-06-23 16:00:00', '定期口腔检查', 'PERSONAL'),
(8, '前端技术分享', '2026-06-20 14:00:00', '2026-06-20 15:30:00', '分享Vue3新特性', 'WORK'),
(12, '市场推广策划会', '2026-06-22 09:00:00', '2026-06-22 12:00:00', '下半年推广策略制定', 'WORK'),
(14, '招聘面试', '2026-06-20 13:30:00', '2026-06-20 17:00:00', 'Java开发工程师面试', 'WORK');

-- ============================================================
-- 公告已读追踪
-- ============================================================

INSERT IGNORE INTO ntc_notice_read (notice_id, user_id, read_time) VALUES
(1, 2, '2026-06-15 10:30:00'), (1, 3, '2026-06-15 10:35:00'),
(1, 7, '2026-06-15 11:00:00'), (1, 8, '2026-06-15 11:15:00'),
(2, 2, '2026-06-10 09:00:00'), (2, 3, '2026-06-10 09:15:00'),
(2, 4, '2026-06-10 09:20:00'), (2, 5, '2026-06-10 10:00:00'),
(2, 6, '2026-06-10 10:30:00'), (2, 7, '2026-06-10 11:00:00'),
(2, 8, '2026-06-10 14:00:00'),
(3, 7, '2026-06-16 09:00:00'), (3, 8, '2026-06-16 09:10:00');

-- ============================================================
-- 消息通知
-- ============================================================

INSERT IGNORE INTO ntc_message (sender_id, receiver_id, title, content, msg_type, is_read) VALUES
(1, 3, '系统升级通知', '李总监，OA系统已升级至V2.0版本，新增流程审批可视化功能', 'SYSTEM', 0),
(2, 7, '代码审查提醒', '陈开发，请于本周五前完成LeavePanel代码自审', 'NOTICE', 0),
(2, 8, '页面优化任务', '刘前端，侧边栏UI需要优化滚动效果，请尽快处理', 'NOTICE', 0),
(1, 4, '新员工入职提醒', '王HR，下周一有3位新员工入职，请提前准备工位和设备', 'NOTICE', 1),
(4, 7, '请假审批结果', '陈开发，您的请假(6月10日病假)已通过审批', 'APPROVAL', 1),
(4, 8, '请假审批结果', '刘前端，您的请假(办理证件)审批中，请耐心等待', 'APPROVAL', 0),
(2, 15, '测试任务通知', '刘测试，请在本周内完成审批流程的回归测试', 'NOTICE', 0),
(1, 14, '部门备案通知', '胡行政，请更新人事行政部第三季度预算表', 'NOTICE', 0),
(3, 2, '技术分享邀约', '张经理，下周三技术分享会由你部门主讲，请准备', 'NOTICE', 0),
(14, 17, '会议通知', '林行政，明天上午10点参加行政部碰头会', 'NOTICE', 0),
(5, 11, '报销确认', '钱出纳，吴市场的报销已审核完成，请安排付款', 'NOTICE', 0);

-- ============================================================
-- 系统审计日志
-- ============================================================

INSERT IGNORE INTO sys_audit_log (user_id, username, module, action, target, detail, ip_address) VALUES
(1, 'admin', '系统管理', 'LOGIN', '系统', '管理员登录系统', '192.168.1.1'),
(2, 'zhangjl', '审批流程', 'APPROVE', '审批ID:104', '通过刘测试的请假申请', '192.168.1.100'),
(3, 'lizj', '审批流程', 'APPROVE', '审批ID:104', '通过刘测试的请假申请(总监审批)', '192.168.1.99'),
(2, 'zhangjl', '审批流程', 'APPROVE', '审批ID:105', '通过钱出纳的报销申请', '192.168.1.100'),
(7, 'chenkf', '考勤管理', 'CLOCK_IN', '考勤打卡', '上班打卡 08:50', '192.168.1.101'),
(8, 'liuqi', '考勤管理', 'CLOCK_IN', '考勤打卡', '上班打卡 09:05', '192.168.1.102'),
(4, 'wanghr', '公告消息', 'PUBLISH', '公告ID:3', '发布关于6月份绩效考核提交的通知', '192.168.1.121');

-- ============================================================
-- 完成! 测试数据总览:
--   18 用户 (5种角色)
--   5 部门 (含负责人)
--   6 审批模板 + 30 字段 + 6 流程定义 + 13 节点
--   11 流程实例 (4待批 + 4已通过 + 1已驳回 + 2已撤销)
--   18 审批任务 + 10 审批记录
--   48 考勤打卡记录
--   8 请假申请记录
--   5 公告 + 13 已读记录
--   15 消息通知
--   7 会议室预约记录
--   8 资产领用记录
--   4 车辆使用记录
--   7 个人日历事件
--   2 会议 + 参与人
--   5 工作任务
--   7 审计日志
-- ============================================================
-- ============================================================
-- 第十四部分: 修复用户1-6的请假额度(覆盖data.sql中可能的乱码)
-- ============================================================

DELETE FROM att_leave_quota WHERE user_id IN (1,2,3,4,5,6);
INSERT INTO att_leave_quota (user_id, year, leave_type, total_days, used_days) VALUES
(1, 2026, '年假', 10, 0), (1, 2026, '事假', 5, 0), (1, 2026, '病假', 5, 0), (1, 2026, '调休', 5, 0),
(2, 2026, '年假', 15, 0), (2, 2026, '事假', 5, 0), (2, 2026, '病假', 5, 0), (2, 2026, '调休', 5, 0),
(3, 2026, '年假', 15, 0), (3, 2026, '事假', 5, 0), (3, 2026, '病假', 5, 0), (3, 2026, '调休', 5, 0),
(4, 2026, '年假', 10, 0), (4, 2026, '事假', 5, 0), (4, 2026, '病假', 5, 0), (4, 2026, '调休', 3, 0),
(5, 2026, '年假', 10, 0), (5, 2026, '事假', 5, 0), (5, 2026, '病假', 5, 0), (5, 2026, '调休', 3, 0),
(6, 2026, '年假', 10, 0), (6, 2026, '事假', 5, 0), (6, 2026, '病假', 5, 0), (6, 2026, '调休', 3, 0);